address,name,size_bytes,decompiled_ok
1fff03b4,FUN_1fff03b4,246,true
1fff0538,FUN_1fff0538,20,true
1fff054c,entry_point,28,true
1fff0568,FUN_1fff0568,8,true
1fff0570,FUN_1fff0570,30,true
1fff058e,FUN_1fff058e,40,true
1fff05b6,FUN_1fff05b6,16,true
1fff05c6,FUN_1fff05c6,32,true
1fff0684,FUN_1fff0684,4,true
1fff0688,FUN_1fff0688,4,true
1fff068c,FUN_1fff068c,4,true
1fff06a0,FUN_1fff06a0,4,true
1fff06a4,FUN_1fff06a4,4,true
1fff06ac,FUN_1fff06ac,4,true
1fff06da,FUN_1fff06da,4,true
1fff06de,FUN_1fff06de,4,true
1fff06e2,FUN_1fff06e2,4,true
1fff06e6,FUN_1fff06e6,4,true
1fff06f2,FUN_1fff06f2,4,true
1fff0702,FUN_1fff0702,2,true
1fff0704,FUN_1fff0704,2,true
1fff0708,FUN_1fff0708,2,true
1fff070a,FUN_1fff070a,2,true
1fff070c,FUN_1fff070c,4,true
1fff073e,FUN_1fff073e,4,true
1fff0742,FUN_1fff0742,2,true
1fff074c,FUN_1fff074c,4,true
1fff0750,FUN_1fff0750,4,true
1fff0754,FUN_1fff0754,4,true
1fff0794,FUN_1fff0794,8,true
1fff079c,FUN_1fff079c,32,true
1fff07bc,FUN_1fff07bc,44,true
1fff08ec,FUN_1fff08ec,146,true
1fff09b4,FUN_1fff09b4,16,true
1fff0ac0,FUN_1fff0ac0,16,true
1fff0ad0,vector_core_0,3,true
1fff0ad4,vector_core_3,2,true
1fff0ad6,vector_core_1,34,true
1fff0af8,FUN_1fff0af8,36,true
1fff0b1c,FUN_1fff0b1c,46,true
1fff0b7c,FUN_1fff0b7c,56,true
1fff0bb0,FUN_1fff0bb0,322,true
1fff0cf2,FUN_1fff0cf2,158,true
1fff0d94,FUN_1fff0d94,34,true
1fff0db6,FUN_1fff0db6,30,true
1fff0dd4,FUN_1fff0dd4,30,true
1fff0e00,FUN_1fff0e00,8,true
1fff0e08,FUN_1fff0e08,516,true
1fff100c,FUN_1fff100c,32,true
1fff102c,FUN_1fff102c,116,true
1fff10a0,FUN_1fff10a0,30,true
1fff10be,FUN_1fff10be,762,true
1fff1514,FUN_1fff1514,84,true
1fff1568,FUN_1fff1568,448,true
1fff167c,FUN_1fff167c,96,true
1fff172c,FUN_1fff172c,58,true
1fff1766,FUN_1fff1766,272,true
1fff1c5e,FUN_1fff1c5e,92,true
1fff1cba,FUN_1fff1cba,108,true
1fff1d26,FUN_1fff1d26,92,true
1fff1d82,FUN_1fff1d82,374,true
1fff1f26,FUN_1fff1f26,42,true
1fff1f50,FUN_1fff1f50,38,true
1fff1f76,FUN_1fff1f76,38,true
1fff1fd8,FUN_1fff1fd8,54,true
1fff201c,FUN_1fff201c,176,true
1fff2242,FUN_1fff2242,212,true
1fff2316,FUN_1fff2316,152,true
1fff258e,FUN_1fff258e,174,true
1fff278c,FUN_1fff278c,122,true
1fff2806,FUN_1fff2806,98,true
1fff2868,FUN_1fff2868,24,true
1fff2886,FUN_1fff2886,54,true
1fff28bc,FUN_1fff28bc,70,true
1fff2902,FUN_1fff2902,6,true
1fff2908,FUN_1fff2908,104,true
1fff2984,FUN_1fff2984,2,true
1fff2986,FUN_1fff2986,50,true
1fff29b8,FUN_1fff29b8,66,true
1fff2a1c,FUN_1fff2a1c,26,true
1fff2a44,FUN_1fff2a44,48,true
1fff2a74,FUN_1fff2a74,538,true
1fff2c9a,FUN_1fff2c9a,6,true
1fff2ca0,FUN_1fff2ca0,6,true
1fff2d0e,FUN_1fff2d0e,90,true
1fff2dfc,FUN_1fff2dfc,54,true
1fff2e32,FUN_1fff2e32,114,true
1fff2ea4,FUN_1fff2ea4,66,true
1fff2ee6,FUN_1fff2ee6,216,true
1fff2fbe,FUN_1fff2fbe,52,true
1fff2ff2,FUN_1fff2ff2,54,true
1fff30c0,FUN_1fff30c0,10,true
1fff30ca,FUN_1fff30ca,28,true
1fff30e6,FUN_1fff30e6,94,true
1fff3144,FUN_1fff3144,24,true
1fff315c,FUN_1fff315c,32,true
1fff3188,FUN_1fff3188,4,true
1fff318c,vector_core_4,10,true
1fff3196,FUN_1fff3196,64,true
1fff31e2,FUN_1fff31e2,6,true
1fff31e8,FUN_1fff31e8,6,true
1fff3234,FUN_1fff3234,86,true
1fff32ac,FUN_1fff32ac,40,true
1fff347e,FUN_1fff347e,112,true
1fff350c,FUN_1fff350c,10,true
1fff3516,FUN_1fff3516,92,true
1fff3572,FUN_1fff3572,134,true
1fff35f8,FUN_1fff35f8,76,true
1fff3644,FUN_1fff3644,280,true
1fff375c,FUN_1fff375c,430,true
1fff3a32,FUN_1fff3a32,240,true
1fff3b22,FUN_1fff3b22,86,true
1fff3b78,FUN_1fff3b78,68,true
1fff3bbc,FUN_1fff3bbc,122,true
1fff3c36,FUN_1fff3c36,46,true
1fff3cba,FUN_1fff3cba,118,true
1fff3d4c,FUN_1fff3d4c,26,true
1fff3d82,FUN_1fff3d82,124,true
1fff3dfe,FUN_1fff3dfe,88,true
1fff3e56,FUN_1fff3e56,24,true
1fff3e6e,FUN_1fff3e6e,32,true
1fff3e8e,FUN_1fff3e8e,28,true
1fff3eb8,FUN_1fff3eb8,50,true
1fff3eea,FUN_1fff3eea,232,true
1fff3f20,FUN_1fff3f20,42,true
1fff3f4a,FUN_1fff3f4a,42,true
1fff3f74,FUN_1fff3f74,48,true
1fff3fa4,FUN_1fff3fa4,106,true
1fff400e,FUN_1fff400e,34,true
1fff4054,FUN_1fff4054,32,true
1fff407c,FUN_1fff407c,76,true
1fff4210,FUN_1fff4210,16,true
1fff4396,FUN_1fff4396,52,true
1fff43ca,FUN_1fff43ca,46,true
1fff44ba,FUN_1fff44ba,26,true
1fff4522,FUN_1fff4522,118,true
1fff4598,FUN_1fff4598,174,true
1fff4646,FUN_1fff4646,74,true
1fff46d8,FUN_1fff46d8,74,true
1fff4722,FUN_1fff4722,76,true
1fff4776,FUN_1fff4776,84,true
1fff47ca,FUN_1fff47ca,72,true
1fff48c0,FUN_1fff48c0,38,true
1fff48fe,FUN_1fff48fe,70,true
1fff4944,FUN_1fff4944,6,true
1fff494a,FUN_1fff494a,112,true
1fff49ba,FUN_1fff49ba,18,true
1fff49cc,FUN_1fff49cc,38,true
1fff4a5e,FUN_1fff4a5e,112,true
1fff4a62,FUN_1fff4a62,4,true
1fff4a72,FUN_1fff4a72,92,true
1fff4ad8,FUN_1fff4ad8,130,true
1fff4b5a,FUN_1fff4b5a,20,true
1fff4b6e,FUN_1fff4b6e,18,true
1fff4b82,FUN_1fff4b82,10,true
1fff4b90,FUN_1fff4b90,46,true
1fff4bbe,FUN_1fff4bbe,46,true
1fff4bec,FUN_1fff4bec,10,true
1fff4bfe,FUN_1fff4bfe,64,true
1fff4c2c,FUN_1fff4c2c,62,true
1fff4c6a,FUN_1fff4c6a,62,true
1fff4d20,FUN_1fff4d20,40,true
1fff4de0,FUN_1fff4de0,12,true
1fff4dec,FUN_1fff4dec,46,true
1fff4e1a,FUN_1fff4e1a,36,true
1fff4e3e,FUN_1fff4e3e,326,true
1fff4f84,FUN_1fff4f84,164,true
1fff524c,FUN_1fff524c,36,true
1fff5270,FUN_1fff5270,54,true
1fff52a2,FUN_1fff52a2,10,true
1fff52b4,FUN_1fff52b4,146,true
1fff53b8,FUN_1fff53b8,222,true
1fff549a,FUN_1fff549a,42,true
1fff56a8,FUN_1fff56a8,16,true
1fff56b8,FUN_1fff56b8,710,true
1fff56fe,FUN_1fff56fe,154,true
1fff57b8,FUN_1fff57b8,66,true
1fff57fa,FUN_1fff57fa,76,true
1fff5846,FUN_1fff5846,60,true
1fff5884,FUN_1fff5884,114,true
1fff5942,FUN_1fff5942,10,true
1fff594c,FUN_1fff594c,28,true
1fff5970,FUN_1fff5970,28,true
1fff5a48,FUN_1fff5a48,82,true
1fff5a9a,FUN_1fff5a9a,36,true
1fff5ad8,FUN_1fff5ad8,44,true
1fff5b04,FUN_1fff5b04,102,true
1fff5b6a,FUN_1fff5b6a,124,true
1fff5bca,FUN_1fff5bca,70,true
1fff5c10,FUN_1fff5c10,44,true
1fff5c3c,FUN_1fff5c3c,44,true
1fff5ca6,FUN_1fff5ca6,20,true
1fff5cba,FUN_1fff5cba,78,true
1fff5ecc,FUN_1fff5ecc,10,true
1fff5edc,FUN_1fff5edc,24,true
1fff5ef4,FUN_1fff5ef4,22,true
1fff5f0a,FUN_1fff5f0a,132,true
1fff5f8e,FUN_1fff5f8e,42,true
1fff6078,FUN_1fff6078,8,true
1fff6080,FUN_1fff6080,30,true
1fff609e,FUN_1fff609e,14,true
1fff60ac,FUN_1fff60ac,74,true
1fff60d4,FUN_1fff60d4,138,true
1fff615e,FUN_1fff615e,36,true
1fff6190,FUN_1fff6190,826,true
1fff64ca,FUN_1fff64ca,56,true
1fff651e,FUN_1fff651e,44,true
1fff654a,FUN_1fff654a,58,true
1fff6598,FUN_1fff6598,90,true
1fff65f2,FUN_1fff65f2,88,true
1fff664a,FUN_1fff664a,180,true
1fff66fe,FUN_1fff66fe,34,true
1fff6732,FUN_1fff6732,28,true
1fff674e,FUN_1fff674e,170,true
1fff67f8,FUN_1fff67f8,22,true
1fff680e,FUN_1fff680e,84,true
1fff6c04,FUN_1fff6c04,6,true
1fff6c0a,FUN_1fff6c0a,154,true
1fff6cd8,FUN_1fff6cd8,46,true
1fff6d06,FUN_1fff6d06,2,true
1fff6d62,FUN_1fff6d62,172,true
1fff6db4,FUN_1fff6db4,66,true
1fff6f68,FUN_1fff6f68,42,true
1fff6fdc,FUN_1fff6fdc,48,true
1fff700c,FUN_1fff700c,40,true
1fff7034,FUN_1fff7034,60,true
1fff7070,FUN_1fff7070,22,true
1fff724e,FUN_1fff724e,54,true
1fff72ce,FUN_1fff72ce,72,true
1fff7320,FUN_1fff7320,8,true
1fff7328,FUN_1fff7328,40,true
1fff7350,FUN_1fff7350,50,true
1fff7382,FUN_1fff7382,62,true
1fff73e6,FUN_1fff73e6,96,true
1fff7446,FUN_1fff7446,86,true
1fff749c,FUN_1fff749c,68,true
1fff7528,FUN_1fff7528,32,true
1fff7548,FUN_1fff7548,32,true
1fff76a4,FUN_1fff76a4,28,true
1fff76c4,FUN_1fff76c4,8,true
1fff76d2,FUN_1fff76d2,40,true
1fff76fa,FUN_1fff76fa,48,true
1fff772a,FUN_1fff772a,28,true
1fff7746,FUN_1fff7746,28,true
1fff7780,FUN_1fff7780,28,true
1fff779c,FUN_1fff779c,238,true
1fff788a,FUN_1fff788a,72,true
1fff78fc,FUN_1fff78fc,44,true
1fff7928,FUN_1fff7928,34,true
1fff794a,FUN_1fff794a,82,true
1fff7a6c,FUN_1fff7a6c,308,true
1fff7ba4,FUN_1fff7ba4,138,true
1fff7c2e,FUN_1fff7c2e,216,true
1fff7cb2,FUN_1fff7cb2,100,true
1fff7d16,FUN_1fff7d16,68,true
1fff7d5a,FUN_1fff7d5a,78,true
1fff7da8,FUN_1fff7da8,178,true
1fff7e66,FUN_1fff7e66,32,true
1fff8022,FUN_1fff8022,18,true
1fff8044,FUN_1fff8044,10,true
1fff804a,FUN_1fff804a,4,true
1fff8870,FUN_1fff8870,80,true
1fff88c0,FUN_1fff88c0,118,true
1fff8936,FUN_1fff8936,96,true
1fff8996,FUN_1fff8996,108,true
1fff8a7e,FUN_1fff8a7e,120,true
1fff8b3a,FUN_1fff8b3a,16,true
1fff8b4a,FUN_1fff8b4a,120,true
